{
  "token_acc": 0.9988505747,
  "token_p": 0.9727969349,
  "token_r": 0.9870598689,
  "token_f": 0.9798765024,
  "tag_acc": 0.9178534744,
  "pos_acc": 0.9734385419,
  "morph_acc": 0.9236151603,
  "morph_micro_p": 0.9597624226,
  "morph_micro_r": 0.9563423427,
  "morph_micro_f": 0.9580493304,
  "morph_per_feat": {
    "Case": {
      "p": 0.9302964296,
      "r": 0.9290645985,
      "f": 0.929680106
    },
    "Gender": {
      "p": 0.9587085438,
      "r": 0.9566074951,
      "f": 0.957656867
    },
    "Number": {
      "p": 0.9675546133,
      "r": 0.9657742203,
      "f": 0.966663597
    },
    "Mood": {
      "p": 0.9833141542,
      "r": 0.9838802533,
      "f": 0.9835971223
    },
    "Person": {
      "p": 0.9841269841,
      "r": 0.9806122449,
      "f": 0.9823664707
    },
    "Tense": {
      "p": 0.9852569503,
      "r": 0.9869198312,
      "f": 0.9860876897
    },
    "VerbForm": {
      "p": 0.9787379973,
      "r": 0.9797459664,
      "f": 0.9792417224
    },
    "Definite": {
      "p": 0.9620637329,
      "r": 0.9495756365,
      "f": 0.9557788945
    },
    "Degree": {
      "p": 0.9735985533,
      "r": 0.9641833811,
      "f": 0.9688680943
    },
    "PronType": {
      "p": 0.9865433137,
      "r": 0.9758735441,
      "f": 0.9811794228
    },
    "Reflex": {
      "p": 0.9933774834,
      "r": 1.0,
      "f": 0.9966777409
    },
    "Animacy": {
      "p": 0.8308668076,
      "r": 0.7782178218,
      "f": 0.8036809816
    },
    "Polarity": {
      "p": 0.9925373134,
      "r": 1.0,
      "f": 0.9962546816
    },
    "Voice": {
      "p": 0.9630102041,
      "r": 0.9630102041,
      "f": 0.9630102041
    },
    "Poss": {
      "p": 0.9782608696,
      "r": 0.8737864078,
      "f": 0.9230769231
    },
    "NumType": {
      "p": 0.9530864198,
      "r": 0.965,
      "f": 0.9590062112
    },
    "Gender[psor]": {
      "p": 0.9666666667,
      "r": 0.9666666667,
      "f": 0.9666666667
    },
    "Number[psor]": {
      "p": 0.9615384615,
      "r": 0.8928571429,
      "f": 0.9259259259
    }
  },
  "sents_p": 0.943902439,
  "sents_r": 0.928057554,
  "sents_f": 0.9359129383,
  "dep_uas": 0.8654485576,
  "dep_las": 0.8023542814,
  "dep_las_per_type": {
    "discourse": {
      "p": 0.5987654321,
      "r": 0.5388888889,
      "f": 0.567251462
    },
    "case": {
      "p": 0.9453213078,
      "r": 0.9501416431,
      "f": 0.9477253461
    },
    "obl": {
      "p": 0.7336206897,
      "r": 0.7564444444,
      "f": 0.7448577681
    },
    "nsubj": {
      "p": 0.8053527981,
      "r": 0.8193069307,
      "f": 0.8122699387
    },
    "root": {
      "p": 0.8914634146,
      "r": 0.876498801,
      "f": 0.8839177751
    },
    "mark": {
      "p": 0.8547486034,
      "r": 0.8717948718,
      "f": 0.8631875882
    },
    "cop": {
      "p": 0.690625,
      "r": 0.7038216561,
      "f": 0.6971608833
    },
    "amod": {
      "p": 0.8990610329,
      "r": 0.9179149191,
      "f": 0.9083901571
    },
    "expl:pv": {
      "p": 0.742081448,
      "r": 0.9318181818,
      "f": 0.8261964736
    },
    "acl": {
      "p": 0.6595092025,
      "r": 0.6195965418,
      "f": 0.6389301634
    },
    "ccomp": {
      "p": 0.7986577181,
      "r": 0.8263888889,
      "f": 0.8122866894
    },
    "cc": {
      "p": 0.8298816568,
      "r": 0.8538812785,
      "f": 0.8417104276
    },
    "advmod": {
      "p": 0.7677053824,
      "r": 0.7753934192,
      "f": 0.7715302491
    },
    "conj": {
      "p": 0.63003663,
      "r": 0.6394052045,
      "f": 0.6346863469
    },
    "advcl": {
      "p": 0.4606741573,
      "r": 0.4939759036,
      "f": 0.476744186
    },
    "obj": {
      "p": 0.8069053708,
      "r": 0.7584134615,
      "f": 0.7819083024
    },
    "aux": {
      "p": 0.9220588235,
      "r": 0.9113372093,
      "f": 0.9166666667
    },
    "parataxis": {
      "p": 0.5891891892,
      "r": 0.519047619,
      "f": 0.5518987342
    },
    "nmod": {
      "p": 0.7909446618,
      "r": 0.8226744186,
      "f": 0.8064975777
    },
    "det": {
      "p": 0.88125,
      "r": 0.8318584071,
      "f": 0.8558421851
    },
    "advmod:emph": {
      "p": 0.0,
      "r": 0.0,
      "f": 0.0
    },
    "nsubj:pass": {
      "p": 0.5135135135,
      "r": 0.475,
      "f": 0.4935064935
    },
    "appos": {
      "p": 0.6384615385,
      "r": 0.6335877863,
      "f": 0.6360153257
    },
    "nummod": {
      "p": 0.8285714286,
      "r": 0.8140350877,
      "f": 0.8212389381
    },
    "aux:pass": {
      "p": 0.6907216495,
      "r": 0.7976190476,
      "f": 0.7403314917
    },
    "flat": {
      "p": 0.7873303167,
      "r": 0.8405797101,
      "f": 0.8130841121
    },
    "compound": {
      "p": 0.4308943089,
      "r": 0.2789473684,
      "f": 0.338658147
    },
    "iobj": {
      "p": 0.5277777778,
      "r": 0.3114754098,
      "f": 0.3917525773
    },
    "xcomp": {
      "p": 0.8111111111,
      "r": 0.8521400778,
      "f": 0.8311195446
    },
    "fixed": {
      "p": 0.5102040816,
      "r": 0.4716981132,
      "f": 0.4901960784
    },
    "csubj": {
      "p": 0.6315789474,
      "r": 0.4444444444,
      "f": 0.5217391304
    },
    "goeswith": {
      "p": 0.0,
      "r": 0.0,
      "f": 0.0
    },
    "dep": {
      "p": 0.0,
      "r": 0.0,
      "f": 0.0
    },
    "csubj:pass": {
      "p": 0.2,
      "r": 0.25,
      "f": 0.2222222222
    },
    "orphan": {
      "p": 0.5,
      "r": 0.0526315789,
      "f": 0.0952380952
    },
    "expl": {
      "p": 0.0,
      "r": 0.0,
      "f": 0.0
    },
    "flat:foreign": {
      "p": 0.0,
      "r": 0.0,
      "f": 0.0
    },
    "list": {
      "p": 0.0,
      "r": 0.0,
      "f": 0.0
    },
    "vocative": {
      "p": 0.0,
      "r": 0.0,
      "f": 0.0
    }
  },
  "lemma_acc": 0.9252792718,
  "ents_p": 0.819657349,
  "ents_r": 0.8116071429,
  "ents_f": 0.8156123822,
  "ents_per_type": {
    "LOC": {
      "p": 0.9065934066,
      "r": 0.88,
      "f": 0.8930987821
    },
    "PER": {
      "p": 0.839869281,
      "r": 0.9081272085,
      "f": 0.8726655348
    },
    "ORG": {
      "p": 0.7606837607,
      "r": 0.7739130435,
      "f": 0.7672413793
    },
    "MISC": {
      "p": 0.6388888889,
      "r": 0.46,
      "f": 0.5348837209
    },
    "DERIV_PER": {
      "p": 0.5625,
      "r": 0.5294117647,
      "f": 0.5454545455
    }
  },
  "speed": 4330.0629889148
}