{
  "token_acc": 1.0,
  "token_p": 0.997946327,
  "token_r": 0.998972108,
  "token_f": 0.998458954,
  "tag_acc": 0.9655021476,
  "pos_acc": 0.9583891883,
  "morph_acc": 0.9176740879,
  "morph_micro_p": 0.9589375955,
  "morph_micro_r": 0.9482173569,
  "morph_micro_f": 0.9535473466,
  "morph_per_feat": {
    "Case": {
      "p": 0.963190184,
      "r": 0.9611912421,
      "f": 0.9621896749
    },
    "Number": {
      "p": 0.9780532753,
      "r": 0.976335814,
      "f": 0.97719379
    },
    "Abbr": {
      "p": 0.9433962264,
      "r": 0.5882352941,
      "f": 0.7246376812
    },
    "Derivation": {
      "p": 0.8443636364,
      "r": 0.801242236,
      "f": 0.8222379603
    },
    "Mood": {
      "p": 0.9657882571,
      "r": 0.9622293874,
      "f": 0.9640055376
    },
    "Person": {
      "p": 0.9336534265,
      "r": 0.929192007,
      "f": 0.9314173743
    },
    "Tense": {
      "p": 0.9603015075,
      "r": 0.9651515152,
      "f": 0.962720403
    },
    "VerbForm": {
      "p": 0.9587398941,
      "r": 0.9518405757,
      "f": 0.9552777778
    },
    "Voice": {
      "p": 0.9678832117,
      "r": 0.9614269142,
      "f": 0.9646442601
    },
    "Degree": {
      "p": 0.936343852,
      "r": 0.9188467699,
      "f": 0.9275127998
    },
    "PartForm": {
      "p": 0.9141630901,
      "r": 0.878954608,
      "f": 0.8962131837
    },
    "Number[psor]": {
      "p": 0.9310344828,
      "r": 0.8059701493,
      "f": 0.864
    },
    "Person[psor]": {
      "p": 0.95,
      "r": 0.8636363636,
      "f": 0.9047619048
    },
    "AdpType": {
      "p": 0.954887218,
      "r": 0.9202898551,
      "f": 0.9372693727
    },
    "NumType": {
      "p": 0.9494736842,
      "r": 0.9241803279,
      "f": 0.9366562825
    },
    "PronType": {
      "p": 0.9814216478,
      "r": 0.9650516283,
      "f": 0.9731678014
    },
    "Typo": {
      "p": 0.4166666667,
      "r": 0.1162790698,
      "f": 0.1818181818
    },
    "Clitic": {
      "p": 0.9056603774,
      "r": 0.7461139896,
      "f": 0.8181818182
    },
    "Style": {
      "p": 0.7962962963,
      "r": 0.5657894737,
      "f": 0.6615384615
    },
    "InfForm": {
      "p": 0.9092741935,
      "r": 0.9279835391,
      "f": 0.9185336049
    },
    "Polarity": {
      "p": 0.9868995633,
      "r": 0.9826086957,
      "f": 0.9847494553
    },
    "Connegative": {
      "p": 0.9590643275,
      "r": 0.9318181818,
      "f": 0.9452449568
    },
    "Foreign": {
      "p": 0.8125,
      "r": 0.2708333333,
      "f": 0.40625
    },
    "Reflex": {
      "p": 1.0,
      "r": 0.8095238095,
      "f": 0.8947368421
    }
  },
  "sents_p": 0.9104477612,
  "sents_r": 0.8944281525,
  "sents_f": 0.9023668639,
  "dep_uas": 0.8314771676,
  "dep_las": 0.7809110629,
  "dep_las_per_type": {
    "root": {
      "p": 0.8850746269,
      "r": 0.8695014663,
      "f": 0.8772189349
    },
    "flat:name": {
      "p": 0.8221153846,
      "r": 0.8221153846,
      "f": 0.8221153846
    },
    "nmod:poss": {
      "p": 0.8008008008,
      "r": 0.8474576271,
      "f": 0.8234688626
    },
    "nsubj": {
      "p": 0.8649173955,
      "r": 0.8640776699,
      "f": 0.8644973288
    },
    "acl": {
      "p": 0.7897897898,
      "r": 0.7471590909,
      "f": 0.7678832117
    },
    "obl": {
      "p": 0.7488479263,
      "r": 0.7738095238,
      "f": 0.7611241218
    },
    "amod": {
      "p": 0.8431771894,
      "r": 0.8688352571,
      "f": 0.8558139535
    },
    "obj": {
      "p": 0.776448942,
      "r": 0.8131021195,
      "f": 0.7943529412
    },
    "cc": {
      "p": 0.849797023,
      "r": 0.8452220727,
      "f": 0.8475033738
    },
    "conj": {
      "p": 0.6448412698,
      "r": 0.6619144603,
      "f": 0.6532663317
    },
    "advmod": {
      "p": 0.7450199203,
      "r": 0.7510040161,
      "f": 0.748
    },
    "case": {
      "p": 0.8666666667,
      "r": 0.8884892086,
      "f": 0.8774422735
    },
    "nummod": {
      "p": 0.8590163934,
      "r": 0.8941979522,
      "f": 0.8762541806
    },
    "acl:relcl": {
      "p": 0.7664974619,
      "r": 0.7704081633,
      "f": 0.7684478372
    },
    "cop": {
      "p": 0.8114754098,
      "r": 0.8065173116,
      "f": 0.808988764
    },
    "mark": {
      "p": 0.8603491272,
      "r": 0.8668341709,
      "f": 0.8635794743
    },
    "advcl": {
      "p": 0.6327868852,
      "r": 0.6185897436,
      "f": 0.6256077796
    },
    "cop:own": {
      "p": 0.68,
      "r": 0.6071428571,
      "f": 0.641509434
    },
    "nsubj:cop": {
      "p": 0.7596371882,
      "r": 0.726681128,
      "f": 0.7427937916
    },
    "nmod": {
      "p": 0.4403183024,
      "r": 0.3842592593,
      "f": 0.4103831891
    },
    "xcomp": {
      "p": 0.7173913043,
      "r": 0.7603686636,
      "f": 0.7382550336
    },
    "aux": {
      "p": 0.9068441065,
      "r": 0.931640625,
      "f": 0.9190751445
    },
    "ccomp": {
      "p": 0.7052631579,
      "r": 0.6802030457,
      "f": 0.6925064599
    },
    "compound:nn": {
      "p": 0.7352941176,
      "r": 0.625,
      "f": 0.6756756757
    },
    "det": {
      "p": 0.8512396694,
      "r": 0.8778409091,
      "f": 0.8643356643
    },
    "discourse": {
      "p": 0.6538461538,
      "r": 0.5,
      "f": 0.5666666667
    },
    "fixed": {
      "p": 0.4545454545,
      "r": 0.5263157895,
      "f": 0.487804878
    },
    "csubj:cop": {
      "p": 0.6428571429,
      "r": 0.5,
      "f": 0.5625
    },
    "nmod:gsubj": {
      "p": 0.5806451613,
      "r": 0.4285714286,
      "f": 0.4931506849
    },
    "nmod:gobj": {
      "p": 0.8,
      "r": 0.7594936709,
      "f": 0.7792207792
    },
    "aux:pass": {
      "p": 0.9014084507,
      "r": 0.9142857143,
      "f": 0.9078014184
    },
    "xcomp:ds": {
      "p": 0.6617647059,
      "r": 0.523255814,
      "f": 0.5844155844
    },
    "appos": {
      "p": 0.504587156,
      "r": 0.4104477612,
      "f": 0.4526748971
    },
    "flat:foreign": {
      "p": 1.0,
      "r": 0.3157894737,
      "f": 0.48
    },
    "csubj": {
      "p": 0.5,
      "r": 0.1428571429,
      "f": 0.2222222222
    },
    "cc:preconj": {
      "p": 0.4,
      "r": 0.1818181818,
      "f": 0.25
    },
    "parataxis": {
      "p": 0.6212121212,
      "r": 0.5774647887,
      "f": 0.598540146
    },
    "orphan": {
      "p": 0.3636363636,
      "r": 0.1290322581,
      "f": 0.1904761905
    },
    "vocative": {
      "p": 0.4285714286,
      "r": 0.1764705882,
      "f": 0.25
    },
    "goeswith": {
      "p": 0.0,
      "r": 0.0,
      "f": 0.0
    },
    "dep": {
      "p": 0.0,
      "r": 0.0,
      "f": 0.0
    },
    "compound": {
      "p": 1.0,
      "r": 0.75,
      "f": 0.8571428571
    },
    "compound:prt": {
      "p": 0.7,
      "r": 0.7,
      "f": 0.7
    },
    "flat": {
      "p": 0.9074074074,
      "r": 0.6712328767,
      "f": 0.7716535433
    }
  },
  "lemma_acc": 0.862637213,
  "ents_p": 0.815672058,
  "ents_r": 0.8007117438,
  "ents_f": 0.8081226689,
  "ents_per_type": {
    "DATE": {
      "p": 0.8541176471,
      "r": 0.8810679612,
      "f": 0.8673835125
    },
    "ORG": {
      "p": 0.7640449438,
      "r": 0.7852193995,
      "f": 0.7744874715
    },
    "PERSON": {
      "p": 0.8072805139,
      "r": 0.7725409836,
      "f": 0.7895287958
    },
    "CARDINAL": {
      "p": 0.9440715884,
      "r": 0.9612756264,
      "f": 0.9525959368
    },
    "WORK_OF_ART": {
      "p": 0.6,
      "r": 0.3214285714,
      "f": 0.4186046512
    },
    "GPE": {
      "p": 0.8192307692,
      "r": 0.8502994012,
      "f": 0.8344760039
    },
    "PRODUCT": {
      "p": 0.6964285714,
      "r": 0.6341463415,
      "f": 0.6638297872
    },
    "TIME": {
      "p": 0.76,
      "r": 0.5428571429,
      "f": 0.6333333333
    },
    "ORDINAL": {
      "p": 0.8495575221,
      "r": 0.8971962617,
      "f": 0.8727272727
    },
    "PERCENT": {
      "p": 1.0,
      "r": 1.0,
      "f": 1.0
    },
    "LOC": {
      "p": 0.6842105263,
      "r": 0.4814814815,
      "f": 0.5652173913
    },