{
  "token_acc": 0.9997406191,
  "token_p": 0.998357254,
  "token_r": 0.9988754325,
  "token_f": 0.9986162761,
  "pos_acc": 0.9476553037,
  "morph_acc": 0.8673270753,
  "morph_micro_p": 0.9122790069,
  "morph_micro_r": 0.9031178271,
  "morph_micro_f": 0.9076753016,
  "morph_per_feat": {
    "Case": {
      "p": 0.9205287206,
      "r": 0.9244509997,
      "f": 0.9224856909
    },
    "Gender": {
      "p": 0.9299671451,
      "r": 0.9340048628,
      "f": 0.9319816307
    },
    "Number": {
      "p": 0.9132875858,
      "r": 0.9154291074,
      "f": 0.9143570927
    },
    "Definite": {
      "p": 0.9203931204,
      "r": 0.9101068999,
      "f": 0.9152211092
    },
    "Degree": {
      "p": 0.8623548922,
      "r": 0.8673894912,
      "f": 0.8648648649
    },
    "Polarity": {
      "p": 0.9327868852,
      "r": 0.9041313559,
      "f": 0.9182356105
    },
    "Tense": {
      "p": 0.8569265708,
      "r": 0.8305209098,
      "f": 0.8435171386
    },
    "VerbForm": {
      "p": 0.9032786885,
      "r": 0.875529661,
      "f": 0.8891877353
    },
    "Voice": {
      "p": 0.8,
      "r": 0.7396226415,
      "f": 0.768627451
    },
    "PronType": {
      "p": 0.9445350734,
      "r": 0.9554455446,
      "f": 0.9499589828
    },
    "Aspect": {
      "p": 0.8601823708,
      "r": 0.7796143251,
      "f": 0.8179190751
    },
    "Hyph": {
      "p": 0.9502762431,
      "r": 0.914893617,
      "f": 0.9322493225
    },
    "Reflex": {
      "p": 0.752293578,
      "r": 0.6051660517,
      "f": 0.6707566462
    },
    "Mood": {
      "p": 0.9058679707,
      "r": 0.8863636364,
      "f": 0.8960096735
    },
    "Person": {
      "p": 0.894843276,
      "r": 0.8832335329,
      "f": 0.8890005023
    },
    "AdpType": {
      "p": 1.0,
      "r": 0.9900497512,
      "f": 0.995
    },
    "Abbr": {
      "p": 0.9773755656,
      "r": 0.943231441,
      "f": 0.96
    },
    "Foreign": {
      "p": 0.4761904762,
      "r": 0.3125,
      "f": 0.3773584906
    },
    "NumForm": {
      "p": 0.9462365591,
      "r": 0.88,
      "f": 0.9119170984
    },
    "NumType": {
      "p": 0.75,
      "r": 0.5892857143,
      "f": 0.66
    }
  },
  "tag_acc": 0.859367565,
  "sents_p": 0.8258064516,
  "sents_r": 0.829821718,
  "sents_f": 0.8278092158,
  "dep_uas": 0.739775186,
  "dep_las": 0.6660686016,
  "dep_las_per_type": {},
  "lemma_acc": 0.8500627081,
  "ents_p": 0.7464852608,
  "ents_r": 0.8234117059,
  "ents_f": 0.7830637488,
  "ents_per_type": {
    "ORG": {
      "p": 0.6744186047,
      "r": 0.7283105023,
      "f": 0.7003293085
    },
    "TIME": {
      "p": 0.7016806723,
      "r": 0.7590909091,
      "f": 0.7292576419
    },
    "LOC": {
      "p": 0.7040229885,
      "r": 0.7585139319,
      "f": 0.7302533532
    },
    "PRODUCT": {
      "p": 0.4137931034,
      "r": 0.5714285714,
      "f": 0.48
    },
    "PERSON": {
      "p": 0.8888888889,
      "r": 0.8872727273,
      "f": 0.8880800728
    },
    "GPE": {
      "p": 0.7666666667,
      "r": 0.9654320988,
      "f": 0.8546448087
    }
  },
  "speed": 7692.6243966458
}