{
  "token_acc": 0.9980078514,
  "token_p": 0.9967350492,
  "token_r": 0.9957244934,
  "token_f": 0.9959492157,
  "tag_acc": 0.9634972293,
  "sents_p": 0.9718875502,
  "sents_r": 0.9654255319,
  "sents_f": 0.9686457638,
  "dep_uas": 0.889892716,
  "dep_las": 0.8358742707,
  "dep_las_per_type": {
    "case": {
      "p": 0.9309352518,
      "r": 0.9472913616,
      "f": 0.93904209
    },
    "det": {
      "p": 0.9487726788,
      "r": 0.9726477024,
      "f": 0.9605618585
    },
    "nmod:tmod": {
      "p": 1.0,
      "r": 0.0930232558,
      "f": 0.170212766
    },
    "amod": {
      "p": 0.8744313012,
      "r": 0.8728428701,
      "f": 0.8736363636
    },
    "cc": {
      "p": 0.8663967611,
      "r": 0.8953974895,
      "f": 0.8806584362
    },
    "conj": {
      "p": 0.5937031484,
      "r": 0.5990922844,
      "f": 0.5963855422
    },
    "nmod": {
      "p": 0.7912154031,
      "r": 0.8301767677,
      "f": 0.8102279729
    },
    "mark": {
      "p": 0.9116997792,
      "r": 0.9177777778,
      "f": 0.9147286822
    },
    "fixed": {
      "p": 0.8546637744,
      "r": 0.6985815603,
      "f": 0.7687804878
    },
    "nsubj": {
      "p": 0.8178191489,
      "r": 0.7824427481,
      "f": 0.799739922
    },
    "advcl:tcl": {
      "p": 0.0,
      "r": 0.0,
      "f": 0.0
    },
    "obj": {
      "p": 0.766721044,
      "r": 0.8034188034,
      "f": 0.7846410684
    },
    "nummod": {
      "p": 0.8955696203,
      "r": 0.8680981595,
      "f": 0.8816199377
    },
    "flat": {
      "p": 0.7555555556,
      "r": 0.7285714286,
      "f": 0.7418181818
    },
    "obl": {
      "p": 0.6453900709,
      "r": 0.7214043035,
      "f": 0.6812834225
    },
    "obl:pmod": {
      "p": 0.4358974359,
      "r": 0.1307692308,
      "f": 0.201183432
    },
    "acl": {
      "p": 0.7103825137,
      "r": 0.7303370787,
      "f": 0.7202216066
    },
    "advmod": {
      "p": 0.7908496732,
      "r": 0.7746478873,
      "f": 0.7826649418
    },
    "expl:pv": {
      "p": 0.7676767677,
      "r": 0.8085106383,
      "f": 0.7875647668
    },
    "root": {
      "p": 0.9166666667,
      "r": 0.9069148936,
      "f": 0.9117647059
    },
    "advcl": {
      "p": 0.5559701493,
      "r": 0.6056910569,
      "f": 0.579766537
    },
    "iobj": {
      "p": 0.756097561,
      "r": 0.6326530612,
      "f": 0.6888888889
    },
    "ccomp": {
      "p": 0.7193877551,
      "r": 0.7966101695,
      "f": 0.7560321716
    },
    "goeswith": {
      "p": 0.5,
      "r": 0.1428571429,
      "f": 0.2222222222
    },
    "parataxis": {
      "p": 0.7019230769,
      "r": 0.5572519084,
      "f": 0.6212765957
    },
    "expl:poss": {
      "p": 0.5510204082,
      "r": 0.6279069767,
      "f": 0.5869565217
    },
    "cop": {
      "p": 0.754491018,
      "r": 0.773006135,
      "f": 0.7636363636
    },
    "cc:preconj": {
      "p": 0.0,
      "r": 0.0,
      "f": 0.0
    },
    "aux": {
      "p": 0.9603399433,
      "r": 0.9015957447,
      "f": 0.9300411523
    },
    "expl": {
      "p": 0.6216216216,
      "r": 0.5476190476,
      "f": 0.582278481
    },
    "appos": {
      "p": 0.417721519,
      "r": 0.3267326733,
      "f": 0.3666666667
    },
    "xcomp": {
      "p": 0.5797101449,
      "r": 0.4819277108,
      "f": 0.5263157895
    },
    "csubj": {
      "p": 0.8,
      "r": 0.7619047619,
      "f": 0.7804878049
    },
    "obl:agent": {
      "p": 0.6753246753,
      "r": 0.8,
      "f": 0.7323943662
    },
    "aux:pass": {
      "p": 0.7785714286,
      "r": 0.9083333333,
      "f": 0.8384615385
    },
    "dep": {
      "p": 0.0,
      "r": 0.0,
      "f": 0.0
    },
    "advmod:tmod": {
      "p": 0.0,
      "r": 0.0,
      "f": 0.0
    },
    "ccomp:pmod": {
      "p": 0.4,
      "r": 0.125,
      "f": 0.1904761905
    },
    "expl:pass": {
      "p": 0.6666666667,
      "r": 0.6813186813,
      "f": 0.6739130435
    },
    "compound": {
      "p": 0.6666666667,
      "r": 0.6666666667,
      "f": 0.6666666667
    },
    "orphan": {
      "p": 0.0,
      "r": 0.0,
      "f": 0.0
    },
    "nsubj:pass": {
      "p": 0.64375,
      "r": 0.6776315789,
      "f": 0.6602564103
    },
    "expl:impers": {
      "p": 0.5,
      "r": 0.1,
      "f": 0.1666666667
    },
    "csubj:pass": {
      "p": 0.0,
      "r": 0.0,
      "f": 0.0
    },
    "vocative": {
      "p": 0.0,
      "r": 0.0,
      "f": 0.0
    },
    "discourse": {
      "p": 0.0,
      "r": 0.0,
      "f": 0.0
    }
  },
  "lemma_acc": 0.9531181282,
  "pos_acc": 0.9377279408,
  "morph_acc": 0.9478992582,
  "morph_micro_p": 0.9875398701,
  "morph_micro_r": 0.9567679408,
  "morph_micro_f": 0.9692222835,
  "morph_per_feat": {
    "AdpType": {
      "p": 0.9962390305,
      "r": 0.994576554,
      "f": 0.9954070981
    },
    "Case": {
      "p": 0.987379563,
      "r": 0.9825793383,
      "f": 0.9849736023
    },
    "Variant": {
      "p": 0.9692307692,
      "r": 0.9130434783,
      "f": 0.9402985075
    },
    "Gender": {
      "p": 0.9825916047,
      "r": 0.9792920106,
      "f": 0.9809390329
    },
    "Number": {
      "p": 0.9798087141,
      "r": 0.943168902,
      "f": 0.9611397463
    },
    "PronType": {
      "p": 0.9933367504,
      "r": 0.9877675841,
      "f": 0.9905443394
    },
    "Definite": {
      "p": 0.9814133235,
      "r": 0.9756677644,
      "f": 0.9785321101
    },
    "Degree": {
      "p": 0.9542168675,
      "r": 0.9395017794,
      "f": 0.9468021518
    },
    "Polarity": {
      "p": 0.990990991,
      "r": 0.9871794872,
      "f": 0.9890815671
    },
    "Mood": {
      "p": 0.9761388286,
      "r": 0.9684361549,
      "f": 0.9722722362
    },
    "Person": {
      "p": 0.979689808,
      "r": 0.9700182815,
      "f": 0.974830057
    },
    "Tense": {
      "p": 0.971407073,
      "r": 0.9548816568,
      "f": 0.96307348
    },
    "VerbForm": {
      "p": 0.9728958631,
      "r": 0.9660056657,
      "f": 0.9694385217
    },
    "NumForm": {
      "p": 1.0,
      "r": 0.2929782082,
      "f": 0.4531835206
    },
    "NumType": {
      "p": 1.0,
      "r": 0.3031026253,
      "f": 0.4652014652
    },
    "PartType": {
      "p": 0.9473684211,
      "r": 0.9230769231,
      "f": 0.9350649351
    },
    "Strength": {
      "p": 0.9948717949,
      "r": 0.9748743719,
      "f": 0.9847715736
    },
    "Reflex": {
      "p": 0.9969135802,
      "r": 0.9877675841,
      "f": 0.9923195084
    },
    "Poss": {
      "p": 0.9826989619,
      "r": 0.993006993,
      "f": 0.987826087
    },
    "Position": {
      "p": 0.9858156028,
      "r": 0.9586206897,
      "f": 0.972027972
    },
    "Number[psor]": {
      "p": 0.9428571429,
      "r": 0.9705882353,
      "f": 0.9565217391
    },
    "Foreign": {
      "p": 0.0,
      "r": 0.0,
      "f": 0.0
    },
    "Abbr": {
      "p": 0.962962963,
      "r": 0.9397590361,
      "f": 0.9512195122
    }
  },
  "ents_p": 0.7510404843,
  "ents_r": 0.7625816366,
  "ents_f": 0.7567670606,
  "ents_per_type": {
    "DATETIME": {
      "p": 0.0,
      "r": 0.0,
      "f": 0.0
    },
    "PERSON": {
      "p": 0.0,
      "r": 0.0,
      "f": 0.0
    },
    "PRODUCT": {
      "p": 0.0,
      "r": 0.0,
      "f": 0.0
    },
    "LOC": {
      "p": 0.0,
      "r": 0.0,
      "f": 0.0
    },
    "ORGANIZATION": {
      "p": 0.0,
      "r": 0.0,
      "f": 0.0
    },
    "ORDINAL": {
      "p": 0.0,
      "r": 0.0,
      "f": 0.0
    },
    "NUMERIC_VALUE": {
      "p": 0.0,
      "r": 0.0,
      "f": 0.0
    },
    "NAT_REL_POL": {
      "p": 0.0,
      "r": 0.0,
      "f": 0.0
    },
    "FACILITY": {
      "p": 0.0,
      "r": 0.0,
      "f": 0.0
    },
    "GPE": {
      "p": 0.0,
      "r": 0.0,
      "f": 0.0
    },
    "WORK_OF_ART": {
      "p": 0.0,
      "r": 0.0,
      "f": 0.0
    },
    "EVENT": {
      "p": 0.0,
      "r": 0.0,
      "f": 0.0
    },
    "QUANTITY": {
      "p": 0.0,
      "r": 0.0,
      "f": 0.0
    },
    "MONEY": {
      "p": 0.0,
      "r": 0.0,
      "f": 0.0
    },