{
  "token_acc": 0.9998648542,
  "token_p": 0.9998648542,
  "token_r": 0.9997297449,
  "token_f": 0.999797295,
  "pos_acc": 0.9824986204,
  "morph_acc": 0.9524624689,
  "morph_micro_p": 0.9790093928,
  "morph_micro_r": 0.971846313,
  "morph_micro_f": 0.9754147024,
  "morph_per_feat": {
    "Case": {
      "p": 0.9681711853,
      "r": 0.9635707879,
      "f": 0.9658655088
    },
    "Gender": {
      "p": 0.9745792692,
      "r": 0.9700933169,
      "f": 0.972331119
    },
    "Number": {
      "p": 0.9897014016,
      "r": 0.9845814978,
      "f": 0.987134811
    },
    "PronType": {
      "p": 0.9872746554,
      "r": 0.9766222089,
      "f": 0.981919542
    },
    "Animacy": {
      "p": 0.9769443992,
      "r": 0.9681985651,
      "f": 0.9725518204
    },
    "Abbr": {
      "p": 0.9687108886,
      "r": 0.9462102689,
      "f": 0.9573283859
    },
    "Uninflect": {
      "p": 0.9726792921,
      "r": 0.9239162489,
      "f": 0.9476709014
    },
    "Aspect": {
      "p": 0.9753620463,
      "r": 0.9704341317,
      "f": 0.9728918488
    },
    "Mood": {
      "p": 0.9951764407,
      "r": 0.9921538851,
      "f": 0.9936628644
    },
    "Tense": {
      "p": 0.9900025967,
      "r": 0.9867995341,
      "f": 0.9883984704
    },
    "VerbForm": {
      "p": 0.9941696445,
      "r": 0.9891467066,
      "f": 0.991651815
    },
    "Person": {
      "p": 0.9956903696,
      "r": 0.9914177257,
      "f": 0.9935494542
    },
    "PunctType": {
      "p": 0.9992581602,
      "r": 1.0,
      "f": 0.9996289425
    },
    "Polarity": {
      "p": 1.0,
      "r": 0.996875,
      "f": 0.9984350548
    },
    "PartType": {
      "p": 1.0,
      "r": 0.9871794872,
      "f": 0.9935483871
    },
    "NameType": {
      "p": 0.8914309484,
      "r": 0.888106092,
      "f": 0.8897654142
    },
    "Degree": {
      "p": 0.962962963,
      "r": 0.9462295082,
      "f": 0.9545229039
    },
    "Poss": {
      "p": 0.986431479,
      "r": 0.9824324324,
      "f": 0.9844278944
    },
    "Foreign": {
      "p": 0.9658886894,
      "r": 0.6906290116,
      "f": 0.8053892216
    },
    "Voice": {
      "p": 0.9645390071,
      "r": 0.9336384439,
      "f": 0.9488372093
    },
    "NumType": {
      "p": 0.9761904762,
      "r": 0.9750100766,
      "f": 0.9755999193
    },
    "Reflex": {
      "p": 0.9952830189,
      "r": 0.9952830189,
      "f": 0.9952830189
    },
    "Variant": {
      "p": 0.8936170213,
      "r": 0.488372093,
      "f": 0.6315789474
    },
    "Hyph": {
      "p": 0.9411764706,
      "r": 0.96,
      "f": 0.9504950495
    },
    "Animacy[gram]": {
      "p": 0.6315789474,
      "r": 0.5,
      "f": 0.5581395349
    },
    "Orth": {
      "p": 1.0,
      "r": 0.6153846154,
      "f": 0.7619047619
    }
  },
  "sents_p": 0.9447781438,
  "sents_r": 0.9091926161,
  "sents_f": 0.9266438616,
  "dep_uas": 0.9402473939,
  "dep_las": 0.9193161738,
  "dep_las_per_type": {
    "nsubj": {
      "p": 0.9317478417,
      "r": 0.9392446634,
      "f": 0.9354812331
    },
    "case": {
      "p": 0.9897149245,
      "r": 0.9898255814,
      "f": 0.9897702499
    },
    "nmod": {
      "p": 0.9033801352,
      "r": 0.9180847691,
      "f": 0.9106730971
    },
    "obl": {
      "p": 0.9150774246,
      "r": 0.8999679384,
      "f": 0.9074597915
    },
    "root": {
      "p": 0.9587289285,
      "r": 0.9226179377,
      "f": 0.9403268719
    },
    "mark": {
      "p": 0.9291338583,
      "r": 0.9496981891,
      "f": 0.9393034826
    },
    "ccomp": {
      "p": 0.8962722853,
      "r": 0.8862179487,
      "f": 0.8912167607
    },
    "amod": {
      "p": 0.9774952506,
      "r": 0.9780669689,
      "f": 0.9777810262
    },
    "obj": {
      "p": 0.9404844291,
      "r": 0.9331654841,
      "f": 0.9368106618
    },
    "cc": {
      "p": 0.9412644968,
      "r": 0.9487179487,
      "f": 0.9449765258
    },
    "advmod": {
      "p": 0.9290678169,
      "r": 0.9369260512,
      "f": 0.9329803874
    },
    "conj": {
      "p": 0.826511335,
      "r": 0.830170778,
      "f": 0.8283370148
    },
    "advcl": {
      "p": 0.7635869565,
      "r": 0.79943101,
      "f": 0.7810979847
    },
    "discourse": {
      "p": 0.8352730528,
      "r": 0.7994858612,
      "f": 0.8169877408
    },
    "xcomp": {
      "p": 0.962474645,
      "r": 0.9824016563,
      "f": 0.9723360656
    },
    "cop": {
      "p": 0.9168539326,
      "r": 0.9168539326,
      "f": 0.9168539326
    },
    "det": {
      "p": 0.9592760181,
      "r": 0.9660759494,
      "f": 0.9626639758
    },
    "csubj": {
      "p": 0.8821917808,
      "r": 0.8632707775,
      "f": 0.8726287263
    },
    "appos": {
      "p": 0.66,
      "r": 0.5912052117,
      "f": 0.6237113402
    },
    "compound": {
      "p": 0.8868501529,
      "r": 0.90625,
      "f": 0.8964451314
    },
    "flat:title": {
      "p": 0.8294701987,
      "r": 0.8294701987,
      "f": 0.8294701987
    },
    "flat:name": {
      "p": 0.9335839599,
      "r": 0.950255102,
      "f": 0.9418457649
    },
    "nummod:gov": {
      "p": 0.86996337,
      "r": 0.9424603175,
      "f": 0.9047619048
    },
    "parataxis": {
      "p": 0.6666666667,
      "r": 0.701754386,
      "f": 0.6837606838
    },
    "acl:relcl": {
      "p": 0.8276269185,
      "r": 0.8517618469,
      "f": 0.8395209581
    },
    "dep": {
      "p": 0.5494505495,
      "r": 0.243902439,
      "f": 0.3378378378
    },
    "parataxis:discourse": {
      "p": 0.8802588997,
      "r": 0.8745980707,
      "f": 0.8774193548
    },
    "aux": {
      "p": 0.9352941176,
      "r": 0.9464285714,
      "f": 0.9408284024
    },
    "nummod": {
      "p": 0.8905660377,
      "r": 0.8822429907,
      "f": 0.8863849765
    },
    "acl": {
      "p": 0.8892508143,
      "r": 0.8374233129,
      "f": 0.8625592417
    },
    "iobj": {
      "p": 0.7860962567,
      "r": 0.7616580311,
      "f": 0.7736842105
    },
    "expl": {
      "p": 0.8269230769,
      "r": 0.7962962963,
      "f": 0.8113207547
    },
    "orphan": {
      "p": 0.5743243243,
      "r": 0.53125,
      "f": 0.5519480519
    },
    "xcomp:sp": {
      "p": 0.8464419476,
      "r": 0.8496240602,
      "f": 0.8480300188
    },
    "fixed": {
      "p": 0.7555555556,
      "r": 0.8447204969,
      "f": 0.7976539589
    },
    "flat:range": {
      "p": 0.8958333333,
      "r": 0.819047619,
      "f": 0.855721393
    },
    "flat:foreign": {
      "p": 0.7483870968,
      "r": 0.8226950355,
      "f": 0.7837837838
    },
    "det:numgov": {
      "p": 0.8873239437,
      "r": 0.9545454545,
      "f": 0.9197080292
    },
    "flat:sibl": {
      "p": 0.0,
      "r": 0.0,
      "f": 0.0
    },
    "advmod:det": {
      "p": 0.8461538462,
      "r": 0.6875,
      "f": 0.7586206897
    },
    "flat:abs": {
      "p": 0.9230769231,
      "r": 0.8571428571,
      "f": 0.8888888889
    },
    "advcl:svc": {
      "p": 0.8333333333,
      "r": 0.5555555556,
      "f": 0.6666666667
    },
    "vocative": {
      "p": 0.4,
      "r": 0.25,
      "f": 0.3076923077
    },
    "flat:repeat": {
      "p": 0.3333333333,
      "r": 0.1666666667,
      "f": 0.2222222222
    },
    "advcl:sp": {
      "p": 0.0,
      "r": 0.0,
      "f": 0.0
    }
  },
  "tag_acc": 0.9824986204,
  "lemma_acc": 0.0,
  "ents_p": 0.872475856,
  "ents_r": 0.8753578507,
  "ents_f": 0.8739144773,
  "ents_per_type": {
    "ORG": {
      "p": 0.8045325779,
      "r": 0.8011283498,
      "f": 0.8028268551
    },
    "LOC": {
      "p": 0.9062877872,
      "r": 0.8959952182,
      "f": 0.901112113
    },
    "PER": {
      "p": 0.8993288591,
      "r": 0.924137931,
      "f": 0.9115646259
    }
  },
  "speed": 2836.1132445534
}