{
  "token_acc": 0.9980762654,
  "token_p": 0.9980762654,
  "token_r": 0.9956925964,
  "token_f": 0.996883006,
  "tag_acc": 0.9198418634,
  "pos_acc": 0.9748477401,
  "morph_acc": 0.9233465114,
  "morph_micro_p": 0.9563399411,
  "morph_micro_r": 0.953255959,
  "morph_micro_f": 0.9547954597,
  "morph_per_feat": {
    "Case": {
      "p": 0.9194699286,
      "r": 0.918266434,
      "f": 0.9188677872
    },
    "Gender": {
      "p": 0.9391096849,
      "r": 0.9381833128,
      "f": 0.9386462703
    },
    "Number": {
      "p": 0.9687903719,
      "r": 0.9682636765,
      "f": 0.9685269526
    },
    "Aspect": {
      "p": 0.9427740058,
      "r": 0.957635468,
      "f": 0.9501466276
    },
    "Mood": {
      "p": 0.9848895777,
      "r": 0.9848895777,
      "f": 0.9848895777
    },
    "Person": {
      "p": 0.9863921842,
      "r": 0.9853607529,
      "f": 0.9858761988
    },
    "Tense": {
      "p": 0.9868810834,
      "r": 0.9856297549,
      "f": 0.9862550222
    },
    "VerbForm": {
      "p": 0.9794741697,
      "r": 0.9776703499,
      "f": 0.9785714286
    },
    "PronType": {
      "p": 0.9883788495,
      "r": 0.9855156431,
      "f": 0.9869451697
    },
    "Variant": {
      "p": 0.9885245902,
      "r": 0.9917763158,
      "f": 0.9901477833
    },
    "NumForm": {
      "p": 0.9962756052,
      "r": 0.9519572954,
      "f": 0.9736123749
    },
    "NumType": {
      "p": 0.9966044143,
      "r": 0.9498381877,
      "f": 0.9726594863
    },
    "Degree": {
      "p": 0.9801375095,
      "r": 0.9744303797,
      "f": 0.9772756125
    },
    "Polarity": {
      "p": 0.9969586375,
      "r": 0.9981729598,
      "f": 0.9975654291
    },
    "Number[psor]": {
      "p": 0.982300885,
      "r": 0.9736842105,
      "f": 0.9779735683
    },
    "Poss": {
      "p": 0.9414225941,
      "r": 0.8893280632,
      "f": 0.9146341463
    },
    "Reflex": {
      "p": 0.995584989,
      "r": 0.9977876106,
      "f": 0.9966850829
    },
    "Definite": {
      "p": 0.9482288828,
      "r": 0.935483871,
      "f": 0.9418132612
    },
    "Animacy": {
      "p": 0.8037634409,
      "r": 0.696969697,
      "f": 0.7465667915
    },
    "Abbr": {
      "p": 1.0,
      "r": 0.9838709677,
      "f": 0.9918699187
    },
    "Foreign": {
      "p": 0.6956521739,
      "r": 0.380952381,
      "f": 0.4923076923
    },
    "Gender[psor]": {
      "p": 0.9583333333,
      "r": 0.9787234043,
      "f": 0.9684210526
    }
  },
  "sents_p": 0.9376012966,
  "sents_r": 0.9274116523,
  "sents_f": 0.9315619968,
  "dep_uas": 0.8647709529,
  "dep_las": 0.8316069583,
  "dep_las_per_type": {
    "nsubj": {
      "p": 0.753030303,
      "r": 0.7814465409,
      "f": 0.7669753086
    },
    "nmod": {
      "p": 0.8039747064,
      "r": 0.8153916628,
      "f": 0.8096429384
    },
    "root": {
      "p": 0.8795768918,
      "r": 0.8648,
      "f": 0.8721258572
    },
    "obj": {
      "p": 0.8118556701,
      "r": 0.8035714286,
      "f": 0.8076923077
    },
    "iobj": {
      "p": 0.7037037037,
      "r": 0.3917525773,
      "f": 0.5033112583
    },
    "case": {
      "p": 0.9722007722,
      "r": 0.9714506173,
      "f": 0.97182555
    },
    "cc": {
      "p": 0.8782327586,
      "r": 0.8679446219,
      "f": 0.8730583824
    },
    "conj": {
      "p": 0.6552363299,
      "r": 0.6240070609,
      "f": 0.6392405063
    },
    "mark": {
      "p": 0.9029126214,
      "r": 0.9007263923,
      "f": 0.9018181818
    },
    "obl": {
      "p": 0.8058479532,
      "r": 0.7942363112,
      "f": 0.8
    },
    "nummod": {
      "p": 0.8828828829,
      "r": 0.8577680525,
      "f": 0.8701442841
    },
    "acl": {
      "p": 0.6900212314,
      "r": 0.6827731092,
      "f": 0.6863780359
    },
    "amod": {
      "p": 0.9511245675,
      "r": 0.9503025065,
      "f": 0.9507133593
    },
    "aux": {
      "p": 0.9409090909,
      "r": 0.9574468085,
      "f": 0.9491059147
    },
    "det": {
      "p": 0.9458955224,
      "r": 0.9512195122,
      "f": 0.9485500468
    },
    "advmod": {
      "p": 0.7913989125,
      "r": 0.7894477318,
      "f": 0.790422118
    },
    "parataxis": {
      "p": 0.4474327628,
      "r": 0.512605042,
      "f": 0.4778067885
    },
    "flat:name": {
      "p": 0.795,
      "r": 0.8412698413,
      "f": 0.8174807198
    },
    "cop": {
      "p": 0.8093385214,
      "r": 0.8140900196,
      "f": 0.8117073171
    },
    "csubj": {
      "p": 0.7875,
      "r": 0.6774193548,
      "f": 0.7283236994
    },
    "expl": {
      "p": 0.9090909091,
      "r": 0.9428571429,
      "f": 0.9256661992
    },
    "xcomp": {
      "p": 0.8700564972,
      "r": 0.875,
      "f": 0.8725212465
    },
    "ccomp": {
      "p": 0.7731958763,
      "r": 0.7731958763,
      "f": 0.7731958763
    },
    "appos": {
      "p": 0.4074074074,
      "r": 0.3197674419,
      "f": 0.3583061889
    },
    "flat": {
      "p": 0.8,
      "r": 0.6315789474,
      "f": 0.7058823529
    },
    "orphan": {
      "p": 0.4367816092,
      "r": 0.38,
      "f": 0.4064171123
    },
    "advcl": {
      "p": 0.6153846154,
      "r": 0.5493562232,
      "f": 0.5804988662
    },
    "fixed": {
      "p": 0.7477477477,
      "r": 0.7614678899,
      "f": 0.7545454545
    },
    "list": {
      "p": 0.4433962264,
      "r": 0.5731707317,
      "f": 0.5
    },
    "flat:foreign": {
      "p": 0.5357142857,
      "r": 0.375,
      "f": 0.4411764706
    },
    "dep": {
      "p": 0.0526315789,
      "r": 0.1666666667,
      "f": 0.08
    },
    "cc:preconj": {
      "p": 0.8,
      "r": 0.6666666667,
      "f": 0.7272727273
    },
    "discourse": {
      "p": 0.4615384615,
      "r": 0.4,
      "f": 0.4285714286
    },
    "vocative": {
      "p": 0.0,
      "r": 0.0,
      "f": 0.0
    }
  },
  "lemma_acc": 0.9550593012,
  "ents_p": 0.725,
  "ents_r": 0.7341772152,
  "ents_f": 0.7295597484,
  "ents_per_type": {
    "ORG": {
      "p": 0.5757575758,
      "r": 0.475,
      "f": 0.5205479452
    },
    "PER": {
      "p": 0.8387096774,
      "r": 0.8666666667,
      "f": 0.8524590164
    },
    "LOC": {
      "p": 0.75,
      "r": 0.8333333333,
      "f": 0.7894736842
    },
    "MISC": {
      "p": 0.0,
      "r": 0.0,
      "f": 0.0
    },
    "DERIV_PER": {
      "p": 0.0,
      "r": 0.0,
      "f": 0.0
    }
  },
  "speed": 6486.7609224957
}