{
  "token_acc": 1.0,
  "token_p": 0.9990295973,
  "token_r": 0.9995068547,
  "token_f": 0.9992604644,
  "pos_acc": 0.9617906621,
  "morph_acc": 0.9070650298,
  "morph_micro_p": 0.9583996748,
  "morph_micro_r": 0.9592445665,
  "morph_micro_f": 0.9588219345,
  "morph_per_feat": {
    "Abbr": {
      "p": 0.9620253165,
      "r": 0.8172043011,
      "f": 0.8837209302
    },
    "Case": {
      "p": 0.9380619381,
      "r": 0.9393131044,
      "f": 0.9386871043
    },
    "Gender": {
      "p": 0.9370629371,
      "r": 0.9383127709,
      "f": 0.9376874375
    },
    "Number": {
      "p": 0.9771058315,
      "r": 0.9795034642,
      "f": 0.9783031788
    },
    "Aspect": {
      "p": 0.9386317907,
      "r": 0.936746988,
      "f": 0.9376884422
    },
    "Mood": {
      "p": 0.9829605964,
      "r": 0.9924731183,
      "f": 0.987693954
    },
    "Person": {
      "p": 0.9716363636,
      "r": 0.9787545788,
      "f": 0.9751824818
    },
    "Tense": {
      "p": 0.9677002584,
      "r": 0.9765319426,
      "f": 0.9720960415
    },
    "VerbForm": {
      "p": 0.9778672032,
      "r": 0.9759036145,
      "f": 0.9768844221
    },
    "Voice": {
      "p": 0.9657947686,
      "r": 0.9638554217,
      "f": 0.9648241206
    },
    "Definite": {
      "p": 0.9909039227,
      "r": 0.9965694683,
      "f": 0.9937286203
    },
    "PronType": {
      "p": 0.9826879271,
      "r": 0.9876373626,
      "f": 0.9851564284
    },
    "Foreign": {
      "p": 0.7062937063,
      "r": 0.6273291925,
      "f": 0.6644736842
    },
    "NumType": {
      "p": 0.9692307692,
      "r": 0.9219512195,
      "f": 0.945
    },
    "Poss": {
      "p": 0.8817204301,
      "r": 0.9213483146,
      "f": 0.9010989011
    },
    "Degree": {
      "p": 0.7857142857,
      "r": 0.5789473684,
      "f": 0.6666666667
    }
  },
  "sents_p": 0.9378109453,
  "sents_r": 0.935483871,
  "sents_f": 0.9366459627,
  "dep_uas": 0.8733571625,
  "dep_las": 0.8372834754,
  "dep_las_per_type": {},
  "lemma_acc": 0.8945422275,
  "tag_acc": 0.9318148203,
  "ents_p": 0.7520661157,
  "ents_r": 0.7647058824,
  "ents_f": 0.7583333333,
  "ents_per_type": {
    "PERSON": {
      "p": 0.8833333333,
      "r": 0.828125,
      "f": 0.8548387097
    },
    "ORG": {
      "p": 0.6578947368,
      "r": 0.7042253521,
      "f": 0.6802721088
    },
    "GPE": {
      "p": 0.7872340426,
      "r": 0.8505747126,
      "f": 0.817679558
    },
    "PRODUCT": {
      "p": 0.4,
      "r": 0.25,
      "f": 0.3076923077
    },
    "EVENT": {
      "p": 0.6,
      "r": 0.5,
      "f": 0.5454545455
    },
    "LOC": {
      "p": 0.0,
      "r": 0.0,
      "f": 0.0
    }
  },
  "speed": 9285.031039862
}