{
  "token_acc": 0.9993278527,
  "token_p": 0.9978112128,
  "token_r": 0.9979488063,
  "token_f": 0.9978800048,
  "pos_acc": 0.9844078789,
  "morph_acc": 0.9807425294,
  "morph_micro_p": 0.9949344577,
  "morph_micro_r": 0.9892316098,
  "morph_micro_f": 0.9920748382,
  "morph_per_feat": {
    "Mood": {
      "p": 0.9930693069,
      "r": 0.9872047244,
      "f": 0.9901283317
    },
    "Number": {
      "p": 0.9978313514,
      "r": 0.9908121882,
      "f": 0.9943093823
    },
    "Person": {
      "p": 0.9971525182,
      "r": 0.9908045977,
      "f": 0.9939684229
    },
    "Tense": {
      "p": 0.9898819562,
      "r": 0.9846928077,
      "f": 0.9872805634
    },
    "VerbForm": {
      "p": 0.9925273552,
      "r": 0.9908085787,
      "f": 0.9916672222
    },
    "Gender": {
      "p": 0.9937342141,
      "r": 0.9852162188,
      "f": 0.9894568845
    },
    "NumType": {
      "p": 0.9675262655,
      "r": 0.9547596607,
      "f": 0.9611005693
    },
    "Definite": {
      "p": 0.9932133373,
      "r": 0.9917501473,
      "f": 0.992481203
    },
    "PronType": {
      "p": 0.9953366118,
      "r": 0.9914695946,
      "f": 0.9933993399
    },
    "PunctType": {
      "p": 0.9996345697,
      "r": 0.9976294675,
      "f": 0.9986310121
    },
    "NumForm": {
      "p": 0.9776223776,
      "r": 0.981741573,
      "f": 0.9796776454
    },
    "Polarity": {
      "p": 0.993442623,
      "r": 0.9805825243,
      "f": 0.986970684
    },
    "Case": {
      "p": 0.9983221477,
      "r": 0.9908409659,
      "f": 0.9945674885
    },
    "PrepCase": {
      "p": 0.9986168741,
      "r": 0.9972375691,
      "f": 0.997926745
    },
    "Reflex": {
      "p": 0.998603352,
      "r": 0.9972105997,
      "f": 0.9979064899
    },
    "Degree": {
      "p": 1.0,
      "r": 0.9964664311,
      "f": 0.9982300885
    },
    "Poss": {
      "p": 1.0,
      "r": 0.9943019943,
      "f": 0.9971428571
    },
    "AdvType": {
      "p": 0.9291338583,
      "r": 0.8613138686,
      "f": 0.8939393939
    },
    "PunctSide": {
      "p": 0.9975845411,
      "r": 0.9975845411,
      "f": 0.9975845411
    },
    "Number[psor]": {
      "p": 1.0,
      "r": 1.0,
      "f": 1.0
    },
    "Polite": {
      "p": 1.0,
      "r": 1.0,
      "f": 1.0
    },
    "Foreign": {
      "p": 0.0,
      "r": 0.0,
      "f": 0.0
    }
  },
  "sents_p": 0.9906432749,
  "sents_r": 0.9912229374,
  "sents_f": 0.9909330214,
  "dep_uas": 0.9191542881,
  "dep_las": 0.8896574723,
  "dep_las_per_type": {
    "nsubj": {
      "p": 0.8903448276,
      "r": 0.889424733,
      "f": 0.8898845425
    },
    "flat": {
      "p": 0.8760064412,
      "r": 0.8918032787,
      "f": 0.8838342811
    },
    "case": {
      "p": 0.9696275762,
      "r": 0.9672959,
      "f": 0.9684603347
    },
    "aux": {
      "p": 0.9663226507,
      "r": 0.949813134,
      "f": 0.957996769
    },
    "root": {
      "p": 0.9461673493,
      "r": 0.9461673493,
      "f": 0.9461673493
    },
    "nummod": {
      "p": 0.9267857143,
      "r": 0.9137323944,
      "f": 0.920212766
    },
    "obj": {
      "p": 0.8473787359,
      "r": 0.8572490706,
      "f": 0.8522853271
    },
    "det": {
      "p": 0.9824109824,
      "r": 0.9834657505,
      "f": 0.9829380835
    },
    "nmod": {
      "p": 0.8380910874,
      "r": 0.8237309916,
      "f": 0.8308489955
    },
    "amod": {
      "p": 0.9216572505,
      "r": 0.9233962264,
      "f": 0.9225259189
    },
    "obl": {
      "p": 0.7181415929,
      "r": 0.7390710383,
      "f": 0.7284560144
    },
    "cc": {
      "p": 0.9238035264,
      "r": 0.9243856333,
      "f": 0.9240944882
    },
    "fixed": {
      "p": 0.899900892,
      "r": 0.902584493,
      "f": 0.9012406948
    },
    "conj": {
      "p": 0.6860934795,
      "r": 0.6809851088,
      "f": 0.6835297499
    },
    "advmod": {
      "p": 0.8523920653,
      "r": 0.8504074505,
      "f": 0.8513986014
    },
    "advcl": {
      "p": 0.6354916067,
      "r": 0.6625,
      "f": 0.6487148103
    },
    "compound": {
      "p": 0.9038461538,
      "r": 0.8483754513,
      "f": 0.8752327747
    },
    "mark": {
      "p": 0.8935294118,
      "r": 0.8888238736,
      "f": 0.8911704312
    },
    "cop": {
      "p": 0.8406374502,
      "r": 0.9134199134,
      "f": 0.8755186722
    },
    "ccomp": {
      "p": 0.8188073394,
      "r": 0.7986577181,
      "f": 0.8086070215
    },
    "acl": {
      "p": 0.7408105561,
      "r": 0.7572254335,
      "f": 0.748928061
    },
    "appos": {
      "p": 0.6985951469,
      "r": 0.6959287532,
      "f": 0.6972594009
    },
    "expl:pass": {
      "p": 0.6896551724,
      "r": 0.4347826087,
      "f": 0.5333333333
    },
    "xcomp": {
      "p": 0.8273381295,
      "r": 0.8098591549,
      "f": 0.8185053381
    },
    "iobj": {
      "p": 0.7731092437,
      "r": 0.4919786096,
      "f": 0.6013071895
    },
    "dep": {
      "p": 0.0,
      "r": 0.0,
      "f": 0.0
    },
    "csubj": {
      "p": 0.7083333333,
      "r": 0.641509434,
      "f": 0.6732673267
    },
    "parataxis": {
      "p": 0.7619047619,
      "r": 0.4705882353,
      "f": 0.5818181818
    },
    "nsubj:pass": {
      "p": 0.0,
      "r": 0.0,
      "f": 0.0
    },
    "orphan": {
      "p": 0.0,
      "r": 0.0,
      "f": 0.0
    }
  },
  "tag_acc": 0.9844078789,
  "lemma_acc": 0.9804905384,
  "ents_p": 0.8492971559,
  "ents_r": 0.840504691,
  "ents_f": 0.8448780488,
  "ents_per_type": {
    "ORG": {
      "p": 0.8625812442,
      "r": 0.8376916141,
      "f": 0.8499542543
    },
    "LOC": {
      "p": 0.8766816143,
      "r": 0.839055794,
      "f": 0.8574561404
    },
    "MISC": {
      "p": 0.7032085561,
      "r": 0.6866840731,
      "f": 0.6948480845
    },
    "PER": {
      "p": 0.8715083799,
      "r": 0.9355322339,
      "f": 0.9023861171
    }
  },
  "speed": 6531.799396286
}