{
  "token_acc": 1.0,
  "token_p": 1.0,
  "token_r": 1.0,
  "token_f": 1.0,
  "tag_acc": 0.8372562206,
  "pos_acc": 0.9472684837,
  "sents_p": 0.9971000483,
  "sents_r": 0.9985479187,
  "sents_f": 0.9978234583,
  "dep_uas": 0.839419799,
  "dep_las": 0.8087874872,
  "dep_las_per_type": {
    "amod": {
      "p": 0.818657367,
      "r": 0.8222416813,
      "f": 0.8204456094
    },
    "dislocated": {
      "p": 0.7615635179,
      "r": 0.7600780234,
      "f": 0.7608200456
    },
    "root": {
      "p": 0.874818753,
      "r": 0.876089061,
      "f": 0.8754534462
    },
    "nmod": {
      "p": 0.8799048751,
      "r": 0.8783382789,
      "f": 0.8791208791
    },
    "nsubj": {
      "p": 0.8050713154,
      "r": 0.8102073365,
      "f": 0.8076311606
    },
    "advmod": {
      "p": 0.7250193648,
      "r": 0.7346938776,
      "f": 0.7298245614
    },
    "dep": {
      "p": 0.5652173913,
      "r": 0.4309392265,
      "f": 0.4890282132
    },
    "conj": {
      "p": 0.7034617897,
      "r": 0.6903846154,
      "f": 0.696861857
    },
    "xcomp": {
      "p": 0.6338983051,
      "r": 0.6426116838,
      "f": 0.638225256
    },
    "flat": {
      "p": 0.5294117647,
      "r": 0.1682242991,
      "f": 0.2553191489
    },
    "obj": {
      "p": 0.9160876537,
      "r": 0.9210102096,
      "f": 0.9185423365
    },
    "acl": {
      "p": 0.7932692308,
      "r": 0.7918416317,
      "f": 0.7925547884
    },
    "advcl": {
      "p": 0.7866220736,
      "r": 0.7983706721,
      "f": 0.7924528302
    },
    "det": {
      "p": 0.7734627832,
      "r": 0.8984962406,
      "f": 0.8313043478
    },
    "compound": {
      "p": 0.7968843619,
      "r": 0.811965812,
      "f": 0.8043543998
    },
    "ccomp": {
      "p": 0.66,
      "r": 0.6572614108,
      "f": 0.6586278586
    },
    "obl": {
      "p": 0.8870748299,
      "r": 0.8894952251,
      "f": 0.8882833787
    },
    "aux": {
      "p": 0.9286209286,
      "r": 0.9396914446,
      "f": 0.9341233879
    },
    "cc": {
      "p": 0.8116883117,
      "r": 0.8278145695,
      "f": 0.8196721311
    },
    "nummod": {
      "p": 0.8674033149,
      "r": 0.8219895288,
      "f": 0.8440860215
    },
    "discourse": {
      "p": 0.0,
      "r": 0.0,
      "f": 0.0
    },
    "fixed": {
      "p": 0.9484126984,
      "r": 1.0,
      "f": 0.9735234216
    },
    "csubj": {
      "p": 0.5779816514,
      "r": 0.5727272727,
      "f": 0.5753424658
    },
    "mark": {
      "p": 0.7111111111,
      "r": 0.4923076923,
      "f": 0.5818181818
    },
    "iobj": {
      "p": 0.8028169014,
      "r": 0.8028169014,
      "f": 0.8028169014
    },
    "case": {
      "p": 0.8636363636,
      "r": 0.8382352941,
      "f": 0.8507462687
    },
    "cop": {
      "p": 0.6315789474,
      "r": 0.8,
      "f": 0.7058823529
    },
    "vocative": {
      "p": 0.0,
      "r": 0.0,
      "f": 0.0
    },
    "appos": {
      "p": 0.7142857143,
      "r": 0.7142857143,
      "f": 0.7142857143
    }
  },
  "lemma_acc": 0.8994639926,
  "speed": 6236.1115550547,
  "ents_p": 0.8491027732,
  "ents_r": 0.8089720947,
  "ents_f": 0.828551789,
  "ents_per_type": {
    "OG": {
      "p": 0.7740409879,
      "r": 0.6828929068,
      "f": 0.7256157635
    },
    "PS": {
      "p": 0.8556573409,
      "r": 0.7852760736,
      "f": 0.818957346
    },
    "QT": {
      "p": 0.912961211,
      "r": 0.9281821097,
      "f": 0.920508744
    },
    "LC": {
      "p": 0.7073934837,
      "r": 0.6943419434,
      "f": 0.7008069522
    },
    "DT": {
      "p": 0.8907225691,
      "r": 0.8656263546,
      "f": 0.8779951638
    },
    "TI": {
      "p": 0.9364485981,
      "r": 0.919266055,
      "f": 0.9277777778
    }
  }
}