{
  "token_acc": 0.9980718909,
  "token_p": 0.997080292,
  "token_r": 0.9953256895,
  "token_f": 0.9962022181,
  "pos_acc": 0.9734971624,
  "morph_acc": 0.9606976071,
  "morph_micro_p": 0.976722732,
  "morph_micro_r": 0.9680790269,
  "morph_micro_f": 0.9723816709,
  "morph_per_feat": {
    "Definite": {
      "p": 0.9799861974,
      "r": 0.9663150732,
      "f": 0.9731026212
    },
    "Gender": {
      "p": 0.9501242117,
      "r": 0.9431850517,
      "f": 0.9466419154
    },
    "Number": {
      "p": 0.9793921423,
      "r": 0.9679830024,
      "f": 0.9736541509
    },
    "Mood": {
      "p": 0.9844299347,
      "r": 0.9802450613,
      "f": 0.982333041
    },
    "Tense": {
      "p": 0.9858585859,
      "r": 0.9831276756,
      "f": 0.9844912369
    },
    "VerbForm": {
      "p": 0.9745181313,
      "r": 0.9722946545,
      "f": 0.9734051232
    },
    "Degree": {
      "p": 0.9715376605,
      "r": 0.9615252491,
      "f": 0.9665055249
    },
    "PronType": {
      "p": 0.9913344887,
      "r": 0.9870578085,
      "f": 0.9891915262
    },
    "Poss": {
      "p": 0.996031746,
      "r": 0.9920948617,
      "f": 0.9940594059
    },
    "Case": {
      "p": 0.991643454,
      "r": 0.9856035437,
      "f": 0.9886142738
    },
    "Reflex": {
      "p": 1.0,
      "r": 1.0,
      "f": 1.0
    },
    "NumType": {
      "p": 0.995505618,
      "r": 0.9115226337,
      "f": 0.9516648765
    },
    "Polarity": {
      "p": 1.0,
      "r": 1.0,
      "f": 1.0
    },
    "Person": {
      "p": 0.9919124643,
      "r": 0.9895586141,
      "f": 0.9907341411
    },
    "Animacy": {
      "p": 0.9991467577,
      "r": 0.9974446337,
      "f": 0.9982949702
    },
    "Voice": {
      "p": 0.9555555556,
      "r": 0.9347826087,
      "f": 0.9450549451
    },
    "Abbr": {
      "p": 0.9924242424,
      "r": 0.81875,
      "f": 0.897260274
    }
  },
  "sents_p": 0.9435618729,
  "sents_r": 0.9369032794,
  "sents_f": 0.9402207873,
  "dep_uas": 0.8910770385,
  "dep_las": 0.8611037307,
  "dep_las_per_type": {
    "nmod": {
      "p": 0.7845786963,
      "r": 0.8100123102,
      "f": 0.7970926711
    },
    "nsubj": {
      "p": 0.8898148148,
      "r": 0.8884437596,
      "f": 0.8891287587
    },
    "flat:name": {
      "p": 0.8657187994,
      "r": 0.8824476651,
      "f": 0.8740031898
    },
    "root": {
      "p": 0.910609858,
      "r": 0.904939809,
      "f": 0.9077659796
    },
    "advmod": {
      "p": 0.8243693479,
      "r": 0.8310940499,
      "f": 0.8277180406
    },
    "mark": {
      "p": 0.9242761693,
      "r": 0.9232480534,
      "f": 0.9237618253
    },
    "advcl": {
      "p": 0.6853146853,
      "r": 0.6723842196,
      "f": 0.6787878788
    },
    "obj": {
      "p": 0.88599151,
      "r": 0.9063275434,
      "f": 0.8960441582
    },
    "case": {
      "p": 0.9402483187,
      "r": 0.9380645161,
      "f": 0.9391551479
    },
    "det": {
      "p": 0.9641057935,
      "r": 0.9689873418,
      "f": 0.966540404
    },
    "obl": {
      "p": 0.7776183644,
      "r": 0.7357466063,
      "f": 0.7561032318
    },
    "aux": {
      "p": 0.9474621549,
      "r": 0.9628959276,
      "f": 0.9551166966
    },
    "acl:relcl": {
      "p": 0.7936507937,
      "r": 0.7882882883,
      "f": 0.790960452
    },
    "iobj": {
      "p": 0.828125,
      "r": 0.6022727273,
      "f": 0.6973684211
    },
    "xcomp": {
      "p": 0.7285382831,
      "r": 0.7120181406,
      "f": 0.7201834862
    },
    "cc": {
      "p": 0.9169899147,
      "r": 0.9113338473,
      "f": 0.9141531323
    },
    "conj": {
      "p": 0.7293447293,
      "r": 0.7436456064,
      "f": 0.7364257461
    },
    "amod": {
      "p": 0.9401343922,
      "r": 0.9321623259,
      "f": 0.9361313869
    },
    "nummod": {
      "p": 0.9442231076,
      "r": 0.9673469388,
      "f": 0.9556451613
    },
    "compound:prt": {
      "p": 0.8066914498,
      "r": 0.7833935018,
      "f": 0.7948717949
    },
    "cop": {
      "p": 0.865248227,
      "r": 0.8724672229,
      "f": 0.86884273
    },
    "appos": {
      "p": 0.2878787879,
      "r": 0.19,
      "f": 0.2289156627
    },
    "ccomp": {
      "p": 0.7793594306,
      "r": 0.8622047244,
      "f": 0.8186915888
    },
    "acl:cleft": {
      "p": 0.3076923077,
      "r": 0.2962962963,
      "f": 0.3018867925
    },
    "expl": {
      "p": 0.6938271605,
      "r": 0.7594594595,
      "f": 0.7251612903
    },
    "csubj": {
      "p": 0.6875,
      "r": 0.6423357664,
      "f": 0.6641509434
    },
    "nsubj:pass": {
      "p": 0.84,
      "r": 0.7777777778,
      "f": 0.8076923077
    },
    "aux:pass": {
      "p": 0.9152542373,
      "r": 0.9,
      "f": 0.9075630252
    },
    "parataxis": {
      "p": 0.8601398601,
      "r": 0.6542553191,
      "f": 0.7432024169
    },
    "acl": {
      "p": 0.6740088106,
      "r": 0.6169354839,
      "f": 0.6442105263
    },
    "orphan": {
      "p": 0.0,
      "r": 0.0,
      "f": 0.0
    },
    "dep": {
      "p": 0.0,
      "r": 0.0,
      "f": 0.0
    },
    "reparandum": {
      "p": 0.0,
      "r": 0.0,
      "f": 0.0
    },
    "compound": {
      "p": 0.8333333333,
      "r": 0.243902439,
      "f": 0.3773584906
    },
    "flat:foreign": {
      "p": 0.8787878788,
      "r": 0.935483871,
      "f": 0.90625
    },
    "discourse": {
      "p": 0.7272727273,
      "r": 0.347826087,
      "f": 0.4705882353
    },
    "csubj:pass": {
      "p": 0.0,
      "r": 0.0,
      "f": 0.0
    }
  },
  "lemma_acc": 0.9712963473,
  "tag_acc": 0.9734971624,
  "ents_p": 0.8225030084,
  "ents_r": 0.8098341232,
  "ents_f": 0.816119403,
  "ents_per_type": {
    "PER": {
      "p": 0.8970588235,
      "r": 0.8985270049,
      "f": 0.897792314
    },
    "PROD": {
      "p": 0.6544117647,
      "r": 0.549382716,
      "f": 0.5973154362
    },
    "GPE_LOC": {
      "p": 0.8156028369,
      "r": 0.888030888,
      "f": 0.8502772643
    },
    "ORG": {
      "p": 0.8196721311,
      "r": 0.8663366337,
      "f": 0.8423586041
    },
    "LOC": {
      "p": 0.7631578947,
      "r": 0.5321100917,
      "f": 0.627027027
    },
    "GPE_ORG": {
      "p": 0.6545454545,
      "r": 0.6545454545,
      "f": 0.6545454545
    },
    "DRV": {
      "p": 0.8095238095,
      "r": 0.6455696203,
      "f": 0.7183098592
    },
    "EVT": {
      "p": 0.3636363636,
      "r": 0.4444444444,
      "f": 0.4
    }
  },
  "speed": 8048.0183350242
}