{
  "token_acc": 0.9989350373,
  "token_p": 0.9977732598,
  "token_r": 0.9974835463,
  "token_f": 0.997628382,
  "pos_acc": 0.9628087167,
  "morph_acc": 0.9511864407,
  "morph_micro_p": 0.9679614115,
  "morph_micro_r": 0.9622936752,
  "morph_micro_f": 0.9651192224,
  "morph_per_feat": {
    "Mood": {
      "p": 0.9743589744,
      "r": 0.9780743565,
      "f": 0.9762131304
    },
    "Tense": {
      "p": 0.9691960932,
      "r": 0.9713855422,
      "f": 0.9702895825
    },
    "VerbForm": {
      "p": 0.9637592138,
      "r": 0.9602203182,
      "f": 0.9619865113
    },
    "Voice": {
      "p": 0.9775449102,
      "r": 0.976083707,
      "f": 0.9768137622
    },
    "Definite": {
      "p": 0.9656823623,
      "r": 0.9561438167,
      "f": 0.9608894183
    },
    "Gender": {
      "p": 0.9538461538,
      "r": 0.9478231971,
      "f": 0.9508251375
    },
    "Number": {
      "p": 0.9626020543,
      "r": 0.9533124674,
      "f": 0.9579347399
    },
    "AdpType": {
      "p": 0.9991047449,
      "r": 0.9867374005,
      "f": 0.9928825623
    },
    "PartType": {
      "p": 1.0,
      "r": 1.0,
      "f": 1.0
    },
    "Case": {
      "p": 0.9711538462,
      "r": 0.9573459716,
      "f": 0.9642004773
    },
    "Person": {
      "p": 0.9685314685,
      "r": 0.9840142096,
      "f": 0.9762114537
    },
    "PronType": {
      "p": 0.981878089,
      "r": 0.9802631579,
      "f": 0.9810699588
    },
    "NumType": {
      "p": 0.9797297297,
      "r": 0.9602649007,
      "f": 0.9698996656
    },
    "Degree": {
      "p": 0.95,
      "r": 0.9385542169,
      "f": 0.9442424242
    },
    "Reflex": {
      "p": 1.0,
      "r": 1.0,
      "f": 1.0
    },
    "Number[psor]": {
      "p": 0.9662921348,
      "r": 1.0,
      "f": 0.9828571429
    },
    "Poss": {
      "p": 0.9887640449,
      "r": 1.0,
      "f": 0.9943502825
    },
    "Foreign": {
      "p": 0.8571428571,
      "r": 0.6,
      "f": 0.7058823529
    },
    "Abbr": {
      "p": 1.0,
      "r": 0.4,
      "f": 0.5714285714
    },
    "Style": {
      "p": 1.0,
      "r": 1.0,
      "f": 1.0
    },
    "Polite": {
      "p": 1.0,
      "r": 0.25,
      "f": 0.4
    }
  },
  "sents_p": 0.9039855072,
  "sents_r": 0.884751773,
  "sents_f": 0.894265233,
  "dep_uas": 0.8173893608,
  "dep_las": 0.7766664804,
  "dep_las_per_type": {
    "advmod": {
      "p": 0.6866485014,
      "r": 0.7118644068,
      "f": 0.6990291262
    },
    "root": {
      "p": 0.8357664234,
      "r": 0.8120567376,
      "f": 0.8237410072
    },
    "nsubj": {
      "p": 0.8357740586,
      "r": 0.8428270042,
      "f": 0.8392857143
    },
    "case": {
      "p": 0.8843873518,
      "r": 0.882642998,
      "f": 0.8835143139
    },
    "obl": {
      "p": 0.6808846761,
      "r": 0.6692546584,
      "f": 0.6750195771
    },
    "cc": {
      "p": 0.7965616046,
      "r": 0.8081395349,
      "f": 0.8023088023
    },
    "conj": {
      "p": 0.6180371353,
      "r": 0.6213333333,
      "f": 0.6196808511
    },
    "obj": {
      "p": 0.7827648115,
      "r": 0.8466019417,
      "f": 0.8134328358
    },
    "aux": {
      "p": 0.884272997,
      "r": 0.8688046647,
      "f": 0.8764705882
    },
    "acl:relcl": {
      "p": 0.5815217391,
      "r": 0.5783783784,
      "f": 0.5799457995
    },
    "advmod:lmod": {
      "p": 0.671641791,
      "r": 0.671641791,
      "f": 0.671641791
    },
    "det": {
      "p": 0.9177631579,
      "r": 0.9192751236,
      "f": 0.9185185185
    },
    "amod": {
      "p": 0.8112582781,
      "r": 0.8361774744,
      "f": 0.8235294118
    },
    "nmod:poss": {
      "p": 0.6559139785,
      "r": 0.603960396,
      "f": 0.6288659794
    },
    "ccomp": {
      "p": 0.6949152542,
      "r": 0.6612903226,
      "f": 0.6776859504
    },
    "nummod": {
      "p": 0.8292682927,
      "r": 0.85,
      "f": 0.8395061728
    },
    "flat": {
      "p": 0.8089171975,
      "r": 0.8410596026,
      "f": 0.8246753247
    },
    "compound:prt": {
      "p": 0.36,
      "r": 0.2195121951,
      "f": 0.2727272727
    },
    "advcl": {
      "p": 0.6095238095,
      "r": 0.5517241379,
      "f": 0.5791855204
    },
    "mark": {
      "p": 0.8619246862,
      "r": 0.8459958932,
      "f": 0.8538860104
    },
    "cop": {
      "p": 0.7754010695,
      "r": 0.8285714286,
      "f": 0.8011049724
    },
    "dep": {
      "p": 0.1428571429,
      "r": 0.1698113208,
      "f": 0.1551724138
    },
    "nmod": {
      "p": 0.6700404858,
      "r": 0.646484375,
      "f": 0.6580516899
    },
    "iobj": {
      "p": 0.9090909091,
      "r": 0.4545454545,
      "f": 0.6060606061
    },
    "xcomp": {
      "p": 0.5416666667,
      "r": 0.4406779661,
      "f": 0.4859813084
    },
    "list": {
      "p": 0.4,
      "r": 0.2222222222,
      "f": 0.2857142857
    },
    "vocative": {
      "p": 0.0,
      "r": 0.0,
      "f": 0.0
    },
    "fixed": {
      "p": 0.8,
      "r": 0.7804878049,
      "f": 0.7901234568
    },
    "expl": {
      "p": 0.8064516129,
      "r": 0.7352941176,
      "f": 0.7692307692
    },
    "appos": {
      "p": 0.5,
      "r": 0.4242424242,
      "f": 0.4590163934
    },
    "obl:tmod": {
      "p": 1.0,
      "r": 0.3333333333,
      "f": 0.5
    },
    "discourse": {
      "p": 0.0,
      "r": 0.0,
      "f": 0.0
    },
    "obl:lmod": {
      "p": 0.0,
      "r": 0.0,
      "f": 0.0
    }
  },
  "lemma_acc": 0.9449878935,
  "tag_acc": 0.9628087167,
  "ents_p": 0.8072033898,
  "ents_r": 0.79375,
  "ents_f": 0.8004201681,
  "ents_per_type": {
    "PER": {
      "p": 0.9038461538,
      "r": 0.8493975904,
      "f": 0.8757763975
    },
    "ORG": {
      "p": 0.6987951807,
      "r": 0.6444444444,
      "f": 0.6705202312
    },
    "MISC": {
      "p": 0.7217391304,
      "r": 0.7345132743,
      "f": 0.7280701754
    },
    "LOC": {
      "p": 0.8389830508,
      "r": 0.8918918919,
      "f": 0.864628821
    }
  },
  "speed": 11371.0938432116
}