{
  "tag_acc": 0.9488124577,
  "sents_p": 0.851369863,
  "sents_r": 0.8916786227,
  "sents_f": 0.871058164,
  "dep_uas": 0.8673678875,
  "dep_las": 0.8211678832,
  "dep_las_per_type": {
    "nmod:poss": {
      "p": 0.947761194,
      "r": 0.9270072993,
      "f": 0.9372693727
    },
    "nsubj": {
      "p": 0.8381014304,
      "r": 0.8474687705,
      "f": 0.8427590716
    },
    "aux": {
      "p": 0.8974358974,
      "r": 0.9210526316,
      "f": 0.9090909091
    },
    "advmod": {
      "p": 0.7743055556,
      "r": 0.7964285714,
      "f": 0.7852112676
    },
    "root": {
      "p": 0.8540095956,
      "r": 0.893830703,
      "f": 0.8734665265
    },
    "det": {
      "p": 0.942114094,
      "r": 0.9718736478,
      "f": 0.9567625133
    },
    "amod": {
      "p": 0.8743362832,
      "r": 0.8853046595,
      "f": 0.8797862867
    },
    "obl": {
      "p": 0.7592468056,
      "r": 0.7643872715,
      "f": 0.7618083671
    },
    "mark": {
      "p": 0.8826714801,
      "r": 0.8890909091,
      "f": 0.8858695652
    },
    "ccomp": {
      "p": 0.6504854369,
      "r": 0.6261682243,
      "f": 0.6380952381
    },
    "case": {
      "p": 0.935483871,
      "r": 0.958068615,
      "f": 0.9466415568
    },
    "appos": {
      "p": 0.6920731707,
      "r": 0.6878787879,
      "f": 0.6899696049
    },
    "obj": {
      "p": 0.7730711044,
      "r": 0.7801526718,
      "f": 0.7765957447
    },
    "compound:prt": {
      "p": 0.7621359223,
      "r": 0.7370892019,
      "f": 0.7494033413
    },
    "xcomp": {
      "p": 0.6433823529,
      "r": 0.6363636364,
      "f": 0.6398537477
    },
    "flat": {
      "p": 0.823798627,
      "r": 0.7635206787,
      "f": 0.7925151348
    },
    "expl:pv": {
      "p": 0.7826086957,
      "r": 0.8181818182,
      "f": 0.8
    },
    "acl": {
      "p": 0.6,
      "r": 0.4591836735,
      "f": 0.5202312139
    },
    "advcl": {
      "p": 0.5,
      "r": 0.4774774775,
      "f": 0.4884792627
    },
    "nummod": {
      "p": 0.8138801262,
      "r": 0.86,
      "f": 0.8363047002
    },
    "nmod": {
      "p": 0.7271200672,
      "r": 0.7530434783,
      "f": 0.7398547629
    },
    "cc": {
      "p": 0.8566037736,
      "r": 0.8598484848,
      "f": 0.8582230624
    },
    "conj": {
      "p": 0.6451169188,
      "r": 0.6372282609,
      "f": 0.6411483254
    },
    "nsubj:pass": {
      "p": 0.8404907975,
      "r": 0.8616352201,
      "f": 0.850931677
    },
    "aux:pass": {
      "p": 0.9120879121,
      "r": 0.9222222222,
      "f": 0.9171270718
    },
    "cop": {
      "p": 0.7594501718,
      "r": 0.8095238095,
      "f": 0.7836879433
    },
    "acl:relcl": {
      "p": 0.6582278481,
      "r": 0.6540880503,
      "f": 0.6561514196
    },
    "parataxis": {
      "p": 0.4069767442,
      "r": 0.2536231884,
      "f": 0.3125
    },
    "fixed": {
      "p": 0.7336814621,
      "r": 0.5081374322,
      "f": 0.6004273504
    },
    "expl": {
      "p": 0.4347826087,
      "r": 0.4761904762,
      "f": 0.4545454545
    },
    "iobj": {
      "p": 0.7058823529,
      "r": 0.3636363636,
      "f": 0.48
    },
    "obl:agent": {
      "p": 1.0,
      "r": 0.7931034483,
      "f": 0.8846153846
    },
    "dep": {
      "p": 0.0,
      "r": 0.0,
      "f": 0.0
    },
    "csubj": {
      "p": 0.7142857143,
      "r": 0.5,
      "f": 0.5882352941
    },
    "orphan": {
      "p": 0.0,
      "r": 0.0,
      "f": 0.0
    }
  },
  "ents_p": 0.7688984881,
  "ents_r": 0.7385892116,
  "ents_f": 0.7534391534,
  "ents_per_type": {
    "PERSON": {
      "p": 0.0,
      "r": 0.0,
      "f": 0.0
    },
    "GPE": {
      "p": 0.0,
      "r": 0.0,
      "f": 0.0
    },
    "QUANTITY": {
      "p": 0.0,
      "r": 0.0,
      "f": 0.0
    },
    "CARDINAL": {
      "p": 0.0,
      "r": 0.0,
      "f": 0.0
    },
    "ORG": {
      "p": 0.0,
      "r": 0.0,
      "f": 0.0
    },
    "NORP": {
      "p": 0.0,
      "r": 0.0,
      "f": 0.0
    },
    "EVENT": {
      "p": 0.0,
      "r": 0.0,
      "f": 0.0
    },
    "DATE": {
      "p": 0.0,
      "r": 0.0,
      "f": 0.0
    },
    "LANGUAGE": {
      "p": 0.0,
      "r": 0.0,
      "f": 0.0
    },
    "ORDINAL": {
      "p": 0.0,
      "r": 0.0,
      "f": 0.0
    },
    "PERCENT": {
      "p": 0.0,
      "r": 0.0,
      "f": 0.0
    },
    "MONEY": {
      "p": 0.0,
      "r": 0.0,
      "f": 0.0
    },
    "TIME": {
      "p": 0.0,
      "r": 0.0,
      "f": 0.0
    },
    "LOC": {
      "p": 0.0,
      "r": 0.0,
      "f": 0.0
    },
    "FAC": {
      "p": 0.0,
      "r": 0.0,
      "f": 0.0
    },
    "PRODUCT": {
      "p": 0.0,
      "r": 0.0,
      "f": 0.0
    },
    "WORK_OF_ART": {
      "p": 0.0,
      "r": 0.0,
      "f": 0.0
    },
    "LAW": {
      "p": 0.0,
      "r": 0.0,
      "f": 0.0
    }
  },
  "speed": 9878.9855886618,
  "token_acc": 0.999433329,
  "token_p": 0.9974281853,
  "token_r": 0.9975586363,
  "token_f": 0.9974934066,
  "pos_acc": 0.9632279171,
  "morph_acc": 0.9603664522,
  "morph_micro_p": 0.9687528975,
  "morph_micro_r": 0.9514182944,
  "morph_micro_f": 0.9600073507,
  "morph_per_feat": {
    "Person": {
      "p": 0.9902723735,
      "r": 0.9732313576,
      "f": 0.9816779171
    },
    "Poss": {
      "p": 0.977443609,
      "r": 0.9961685824,
      "f": 0.9867172676
    },
    "PronType": {
      "p": 0.9855932203,
      "r": 0.9667497922,
      "f": 0.9760805707
    },
    "Gender": {
      "p": 0.9257894737,
      "r": 0.8949376749,
      "f": 0.910102186
    },
    "Number": {
      "p": 0.9796542757,
      "r": 0.9585391408,
      "f": 0.9689816916
    },
    "Tense": {
      "p": 0.9761111111,
      "r": 0.9659153381,
      "f": 0.9709864603
    },
    "VerbForm": {
      "p": 0.9594055817,
      "r": 0.9525008996,
      "f": 0.9559407728
    },
    "Degree": {
      "p": 0.9552785924,
      "r": 0.9360632184,
      "f": 0.9455732946
    },
    "Definite": {
      "p": 0.9960299956,
      "r": 0.9938380282,
      "f": 0.9949328046
    },
    "Case": {
      "p": 0.998003992,
      "r": 0.9960159363,
      "f": 0.9970089731
    },
    "Reflex": {
      "p": 1.0,
      "r": 1.0,
      "f": 1.0
    },
    "Abbr": {
      "p": 1.0,
      "r": 0.5,
      "f": 0.6666666667
    }
  },
  "lemma_acc": 0.9537039056
}