{
  "token_acc": 0.9998979384,
  "token_p": 0.9994896918,
  "token_r": 0.9995917117,
  "token_f": 0.9995406992,
  "tag_acc": 0.9506991936,
  "pos_acc": 0.9628457691,
  "morph_acc": 0.9580483822,
  "morph_micro_p": 0.9747513048,
  "morph_micro_r": 0.9733184855,
  "morph_micro_f": 0.9740343682,
  "morph_per_feat": {
    "Case": {
      "p": 0.9863868406,
      "r": 0.9844324936,
      "f": 0.9854086981
    },
    "Definite": {
      "p": 0.980381899,
      "r": 0.9757875553,
      "f": 0.9780793319
    },
    "Gender": {
      "p": 0.9763872491,
      "r": 0.9752358491,
      "f": 0.9758112094
    },
    "Number": {
      "p": 0.9660678643,
      "r": 0.9612711023,
      "f": 0.9636635142
    },
    "Mood": {
      "p": 0.9748427673,
      "r": 0.98621421,
      "f": 0.9804955192
    },
    "Tense": {
      "p": 0.9616071429,
      "r": 0.9702702703,
      "f": 0.9659192825
    },
    "VerbForm": {
      "p": 0.9638854296,
      "r": 0.9717514124,
      "f": 0.9678024383
    },
    "Voice": {
      "p": 0.9764621969,
      "r": 0.9877344877,
      "f": 0.9820659971
    },
    "PronType": {
      "p": 0.969924812,
      "r": 0.9583952452,
      "f": 0.9641255605
    },
    "Degree": {
      "p": 0.9790356394,
      "r": 0.9599177801,
      "f": 0.9693824598
    },
    "Poss": {
      "p": 0.976744186,
      "r": 0.984375,
      "f": 0.9805447471
    },
    "Polarity": {
      "p": 0.9801980198,
      "r": 0.9705882353,
      "f": 0.9753694581
    },
    "NumType": {
      "p": 0.9661016949,
      "r": 0.9661016949,
      "f": 0.9661016949
    },
    "Abbr": {
      "p": 0.9375,
      "r": 0.9375,
      "f": 0.9375
    },
    "Foreign": {
      "p": 0.0,
      "r": 0.0,
      "f": 0.0
    }
  },
  "sents_p": 0.8962264151,
  "sents_r": 0.9424603175,
  "sents_f": 0.918762089,
  "dep_uas": 0.8315598823,
  "dep_las": 0.7831107086,
  "dep_las_per_type": {
    "nsubj": {
      "p": 0.8057742782,
      "r": 0.7994791667,
      "f": 0.8026143791
    },
    "root": {
      "p": 0.8301886792,
      "r": 0.873015873,
      "f": 0.8510638298
    },
    "case": {
      "p": 0.9017142857,
      "r": 0.8905191874,
      "f": 0.8960817717
    },
    "det": {
      "p": 0.9328063241,
      "r": 0.9236790607,
      "f": 0.9282202557
    },
    "obl": {
      "p": 0.6878306878,
      "r": 0.6951871658,
      "f": 0.6914893617
    },
    "nsubj:pass": {
      "p": 0.7755102041,
      "r": 0.7835051546,
      "f": 0.7794871795
    },
    "acl:relcl": {
      "p": 0.6641791045,
      "r": 0.6691729323,
      "f": 0.6666666667
    },
    "advmod": {
      "p": 0.7241798299,
      "r": 0.7468671679,
      "f": 0.7353485503
    },
    "amod": {
      "p": 0.9207920792,
      "r": 0.9102773246,
      "f": 0.9155045119
    },
    "obl:agent": {
      "p": 0.6875,
      "r": 0.7333333333,
      "f": 0.7096774194
    },
    "aux": {
      "p": 0.8847736626,
      "r": 0.9307359307,
      "f": 0.9071729958
    },
    "nmod:poss": {
      "p": 0.9527559055,
      "r": 0.9416342412,
      "f": 0.9471624266
    },
    "obj": {
      "p": 0.82,
      "r": 0.8686440678,
      "f": 0.8436213992
    },
    "nmod": {
      "p": 0.7037037037,
      "r": 0.6593059937,
      "f": 0.680781759
    },
    "mark": {
      "p": 0.8288100209,
      "r": 0.818556701,
      "f": 0.8236514523
    },
    "advcl": {
      "p": 0.4822335025,
      "r": 0.4947916667,
      "f": 0.4884318766
    },
    "cop": {
      "p": 0.8314606742,
      "r": 0.8604651163,
      "f": 0.8457142857
    },
    "xcomp": {
      "p": 0.6111111111,
      "r": 0.6111111111,
      "f": 0.6111111111
    },
    "cc": {
      "p": 0.8152424942,
      "r": 0.8096330275,
      "f": 0.8124280783
    },
    "conj": {
      "p": 0.635610766,
      "r": 0.6476793249,
      "f": 0.6415882968
    },
    "appos": {
      "p": 0.25,
      "r": 0.2285714286,
      "f": 0.2388059701
    },
    "acl": {
      "p": 0.5769230769,
      "r": 0.4639175258,
      "f": 0.5142857143
    },
    "iobj": {
      "p": 0.7142857143,
      "r": 0.4761904762,
      "f": 0.5714285714
    },
    "compound:prt": {
      "p": 0.6091954023,
      "r": 0.7571428571,
      "f": 0.6751592357
    },
    "fixed": {
      "p": 0.7802690583,
      "r": 0.6444444444,
      "f": 0.7058823529
    },
    "parataxis": {
      "p": 0.3333333333,
      "r": 0.3529411765,
      "f": 0.3428571429
    },
    "expl": {
      "p": 0.5,
      "r": 0.5813953488,
      "f": 0.5376344086
    },
    "csubj": {
      "p": 0.32,
      "r": 0.2962962963,
      "f": 0.3076923077
    },
    "acl:cleft": {
      "p": 0.3636363636,
      "r": 0.3636363636,
      "f": 0.3636363636
    },
    "ccomp": {
      "p": 0.6458333333,
      "r": 0.6595744681,
      "f": 0.6526315789
    },
    "nummod": {
      "p": 0.7291666667,
      "r": 0.7142857143,
      "f": 0.7216494845
    },
    "aux:pass": {
      "p": 0.0,
      "r": 0.0,
      "f": 0.0
    },
    "dislocated": {
      "p": 0.3846153846,
      "r": 0.3125,
      "f": 0.3448275862
    },
    "flat:name": {
      "p": 0.75,
      "r": 0.2727272727,
      "f": 0.4
    },
    "dep": {
      "p": 0.0,
      "r": 0.0,
      "f": 0.0
    },
    "csubj:pass": {
      "p": 0.0,
      "r": 0.0,
      "f": 0.0
    },
    "discourse": {
      "p": 0.0,
      "r": 0.0,
      "f": 0.0
    },
    "orphan": {
      "p": 0.0,
      "r": 0.0,
      "f": 0.0
    },
    "vocative": {
      "p": 0.0,
      "r": 0.0,
      "f": 0.0
    }
  },
  "lemma_acc": 0.9537613555,
  "ents_p": 0.852835408,
  "ents_r": 0.7501216545,
  "ents_f": 0.7981877023,
  "ents_per_type": {
    "ORG": {
      "p": 0.6271676301,
      "r": 0.6129943503,
      "f": 0.62
    },
    "LOC": {
      "p": 0.9023923445,
      "r": 0.8929924242,
      "f": 0.8976677772
    },
    "TME": {
      "p": 0.5735294118,
      "r": 0.2191011236,
      "f": 0.3170731707
    },
    "PRS": {
      "p": 0.9107981221,
      "r": 0.9023255814,
      "f": 0.9065420561
    },
    "MSR": {
      "p": 0.4666666667,
      "r": 0.1728395062,
      "f": 0.2522522523
    },
    "OBJ": {
      "p": 0.6,
      "r": 0.3636363636,
      "f": 0.4528301887
    },
    "EVN": {
      "p": 0.9090909091,
      "r": 0.4166666667,
      "f": 0.5714285714
    },
    "WRK": {
      "p": 0.5714285714,
      "r": 0.2580645161,
      "f": 0.3555555556
    }
  },
  "speed": 9147.7483961764
}